{"cameraMode":{"drawMode":0,"name":"Shaded","section":"Shading Mode"},"sceneLighting":true,"audioPlay":false,"sceneViewState":{"m_AlwaysRefresh":false,"showFog":true,"showSkybox":true,"showFlares":true,"showImageEffects":true,"showParticleSystems":true,"showVisualEffectGraphs":true,"m_FxEnabled":true},"in2DMode":false,"pivot":{"x":39.658363342285159,"y":9.36235237121582,"z":0.037589192390441897},"rotation":{"x":-0.001933282008394599,"y":0.9447869658470154,"z":0.005679873283952475,"w":0.3277047574520111},"size":0.8660253882408142,"orthographic":false}